,BBC,CBS,CNN,Fox News,NY Times
0,0.14824099999999998,0.30436599999999997,-0.11334799999999999,-0.06773699999999999,-0.019694999999999997
